time_instant,iteration,absolute_error_norm,relative_error_norm
1.0,1,0.014703036677282422,0.23973576436446076
1.0,2,0.009438589298250496,0.14328208482610297
1.0,3,0.00496097014737447,0.07739684186952331
1.0,4,0.0013342743401317957,0.021328741359695043
1.0,5,0.0001716455880911452,0.0027596845850155695
1.0,6,2.5503420985762585e-06,4.096978597610467e-05
1.0,7,5.637104868639075e-10,9.055513208434399e-09
