time_instant,iteration,absolute_error_norm,relative_error_norm
0.020833333333333332,1,3.1990027695187556e-17,7.842462581904974e-16
0.041666666666666664,1,2.0491618251882677e-17,5.023588941976648e-16
0.0625,1,1.8126736855972213e-17,4.4438303361139505e-16
0.08333333333333333,1,2.018798929288467e-17,4.949153284326909e-16
0.10416666666666666,1,3.1287475848312e-17,7.670229640331163e-16
0.125,1,2.5822568578197188e-17,6.330489294126235e-16
0.14583333333333331,1,2.1674063104803828e-17,5.313469263511828e-16
0.16666666666666666,1,2.3111918917756942e-17,5.665964438530251e-16
0.1875,1,2.6355494712267634e-17,6.461137923292489e-16
