time_instant,iteration,absolute_error_norm,relative_error_norm
0.020833333333333332,1,2.6319161266811574e-17,6.45223065727897e-16
0.041666666666666664,1,2.656820776773244e-17,6.513285242265156e-16
0.0625,1,2.7022665256604457e-17,6.624697019882387e-16
0.08333333333333333,1,1.8607200274068337e-17,4.5616175545026305e-16
0.10416666666666666,1,1.942609995723008e-17,4.762373558364919e-16
0.125,1,2.7382518072365857e-17,6.712916144588754e-16
0.14583333333333331,1,3.2924564254260036e-17,8.071567353735186e-16
0.16666666666666666,1,4.5016150581382924e-17,1.1035860296207401e-15
0.1875,1,2.363092878856088e-17,5.793201449082497e-16
