time_instant,iteration,absolute_error_norm,relative_error_norm
0.020833333333333332,1,1.3178703814328143e-17,6.457565429573369e-16
0.041666666666666664,1,1.6231762537930827e-17,7.953564333999706e-16
0.0625,1,1.7558485913578265e-17,8.603658844498769e-16
0.08333333333333333,1,1.651085707295066e-17,8.090320668030635e-16
0.10416666666666666,1,2.203796590149548e-17,1.0798604229111666e-15
0.125,1,1.7961914736481582e-17,8.801338984881129e-16
0.14583333333333331,1,1.871514020006597e-17,9.170419494075718e-16
0.16666666666666666,1,1.723716301552447e-17,8.446210610785027e-16
0.1875,1,1.5056329695054616e-17,7.377602190993647e-16
