time_instant,iteration,absolute_error_norm,relative_error_norm
0.020833333333333332,1,1.456309458613412e-17,7.135916966642981e-16
0.041666666666666664,1,1.558480187816763e-17,7.636553583197444e-16
0.0625,1,1.673442022237479e-17,8.199866620757655e-16
0.08333333333333333,1,1.9257265423967978e-17,9.43606087684685e-16
0.10416666666666666,1,1.6680000254150958e-17,8.17320083401324e-16
0.125,1,1.968519614766e-17,9.64574694965786e-16
0.14583333333333331,1,2.318370639718485e-17,1.1360017120733221e-15
0.16666666666666666,1,1.8576098328648246e-17,9.102288971166925e-16
0.1875,1,1.8963814916560695e-17,9.292270115735447e-16
