time_instant,iteration,absolute_error_norm,relative_error_norm
0.020833333333333332,1,1.822745861307301e-17,1.3395632266667454e-15
0.041666666666666664,1,2.217191420285449e-17,1.6294471742567674e-15
0.0625,1,2.7060063531376032e-17,1.988684587762504e-15
0.08333333333333333,1,2.1291131702274458e-17,1.564717149434636e-15
0.10416666666666666,1,1.8118661867932638e-17,1.3315675909577415e-15
0.125,1,1.7136356422306077e-17,1.2593764928870497e-15
0.14583333333333331,1,2.2865027623260112e-17,1.6803851173674256e-15
0.16666666666666666,1,2.3394776141886036e-17,1.7193171292291072e-15
0.1875,1,2.3366470531391446e-17,1.7172369075299771e-15
