time_instant,iteration,absolute_error_norm,relative_error_norm
0.020833333333333332,1,1.757483141679049e-17,1.2916006767896237e-15
0.041666666666666664,1,2.108282290017698e-17,1.5494082236538008e-15
0.0625,1,2.2124187466489993e-17,1.6259396649369087e-15
0.08333333333333333,1,2.3604612584096978e-17,1.7347383235693189e-15
0.10416666666666666,1,2.0906181849336756e-17,1.536426608331102e-15
0.125,1,2.2991161254388047e-17,1.6896548667873337e-15
0.14583333333333331,1,3.0140900994515994e-17,2.2150999460725014e-15
0.16666666666666666,1,3.5118544732183807e-17,2.580914437712357e-15
0.1875,1,2.8911393065098383e-17,2.1247415673152042e-15
