time_instant,iteration,absolute_error_norm,relative_error_norm
0.020833333333333332,1,1.6448577244748266e-17,1.6117087951280532e-15
0.041666666666666664,1,1.841086344787304e-17,1.8039828067386562e-15
0.0625,1,1.3554560445097602e-17,1.3281394468590689e-15
0.08333333333333333,1,1.780614768147732e-17,1.7447299178869012e-15
0.10416666666666666,1,1.8567422076727934e-17,1.819323155956957e-15
0.125,1,1.5247113608140817e-17,1.493983749287689e-15
0.14583333333333331,1,1.589689202780299e-17,1.557652088395152e-15
0.16666666666666666,1,1.6835252139475912e-17,1.649597016061371e-15
0.1875,1,1.8449395427018254e-17,1.807758350894116e-15
