time_instant,iteration,absolute_error_norm,relative_error_norm
0.020833333333333332,1,2.0116498614254793e-17,1.971108945251024e-15
0.041666666666666664,1,2.1039079971840782e-17,2.061507796538741e-15
0.0625,1,1.6984130782981645e-17,1.6641848442713482e-15
0.08333333333333333,1,1.7029791208838428e-17,1.6686588670909304e-15
0.10416666666666666,1,1.6198711000618198e-17,1.5872257278525164e-15
0.125,1,1.8719379573589893e-17,1.834212664668494e-15
0.14583333333333331,1,2.1122166619989492e-17,2.0696490162677446e-15
0.16666666666666666,1,1.7356914384035743e-17,1.7007119310557225e-15
0.1875,1,1.9521987133853783e-17,1.912855920231925e-15
