time_instant,iteration,absolute_error_norm,relative_error_norm
0.020833333333333332,1,1.1046673484582837e-17,1.3529807697287003e-15
0.041666666666666664,1,1.4197772173046582e-17,1.7389228304729514e-15
0.0625,1,2.2207165097560256e-17,2.719901821043464e-15
0.08333333333333333,1,2.1270891219876913e-17,2.6052283355391776e-15
0.10416666666666666,1,1.8643064262859736e-17,2.2833758480929816e-15
0.125,1,1.6090921815785032e-17,1.970793091182536e-15
0.14583333333333331,1,1.594548717930455e-17,1.9529804649032134e-15
0.16666666666666666,1,1.681174838505288e-17,2.0590788984791875e-15
0.1875,1,1.7965391100945555e-17,2.2003754084121347e-15
