time_instant,iteration,absolute_error_norm,relative_error_norm
0.020833333333333332,1,1.1944860459785606e-17,1.462989425888055e-15
0.041666666666666664,1,1.4986582076621908e-17,1.835535139327599e-15
0.0625,1,1.8161381470023635e-17,2.2243800285165274e-15
0.08333333333333333,1,1.882169935651639e-17,2.3052548188848186e-15
0.10416666666666666,1,1.7485785633392117e-17,2.141634016665364e-15
0.125,1,1.5655767904498434e-17,1.9174960624738765e-15
0.14583333333333331,1,1.591137585926454e-17,1.948802559209829e-15
0.16666666666666666,1,1.5548430370086853e-17,1.9043495147704765e-15
0.1875,1,1.7622520353120543e-17,2.1583810895832885e-15
