time_instant,iteration,absolute_error_norm,relative_error_norm
0.020833333333333332,1,1.2848933746178642e-17,1.888443599496084e-15
0.041666666666666664,1,1.5893759589134156e-17,2.3359501388164917e-15
0.0625,1,1.8193655773468578e-17,2.6739722902734952e-15
0.08333333333333333,1,1.7765694705662375e-17,2.6110736595157106e-15
0.10416666666666666,1,1.7447262031448012e-17,2.56427272199283e-15
0.125,1,1.7512955993503055e-17,2.573927946668985e-15
0.14583333333333331,1,1.8089107744472724e-17,2.6586065751023147e-15
0.16666666666666666,1,1.6197102687606966e-17,2.380533319341697e-15
0.1875,1,1.408368710949786e-17,2.0699187422572428e-15
