time_instant,iteration,absolute_error_norm,relative_error_norm
0.020833333333333332,1,1.7644060798200366e-17,2.5931967851722156e-15
0.041666666666666664,1,1.7499586291381734e-17,2.5719629642901423e-15
0.0625,1,1.970671067793511e-17,2.8963501860950673e-15
0.08333333333333333,1,1.8411538910953614e-17,2.705995182176423e-15
0.10416666666666666,1,2.0884130105879267e-17,3.069398800598568e-15
0.125,1,2.182824128785886e-17,3.2081574520199195e-15
0.14583333333333331,1,2.3622068799705053e-17,3.471801280392324e-15
0.16666666666666666,1,1.6662685201330655e-17,2.4489612788476987e-15
0.1875,1,2.1535021167286533e-17,3.1650620737669996e-15
