time_instant,iteration,absolute_error_norm,relative_error_norm
0.020833333333333332,1,1.4616529732736862e-17,2.5062553996333006e-15
0.041666666666666664,1,1.6773178771370304e-17,2.8760499676341528e-15
0.0625,1,2.2853438459116057e-17,3.91861506018517e-15
0.08333333333333333,1,2.618819885494307e-17,4.490417081687285e-15
0.10416666666666666,1,2.4479962894484708e-17,4.19751064780526e-15
0.125,1,1.967351539545527e-17,3.3733625621952752e-15
0.14583333333333331,1,1.9614751614685328e-17,3.36328650135522e-15
0.16666666666666666,1,1.8509025336514486e-17,3.1736907145402877e-15
0.1875,1,1.7304848805632404e-17,2.967213938737922e-15
