time_instant,iteration,absolute_error_norm,relative_error_norm
0.020833333333333332,1,1.664036385667846e-17,2.8532765663422755e-15
0.041666666666666664,1,2.1410953192510627e-17,3.671276153178791e-15
0.0625,1,1.980661397993424e-17,3.396184603550744e-15
0.08333333333333333,1,2.3494753388750567e-17,4.028579534287529e-15
0.10416666666666666,1,2.269491003619166e-17,3.891432635682602e-15
0.125,1,2.0125077277665164e-17,3.450790612919406e-15
0.14583333333333331,1,2.3150218743015615e-17,3.969503143925184e-15
0.16666666666666666,1,1.9148860350776245e-17,3.283401431700215e-15
0.1875,1,1.8906496835584288e-17,3.241844038821693e-15
