time_instant,iteration,absolute_error_norm,relative_error_norm
0.020833333333333332,1,1.352374015602662e-17,2.6501355308978907e-15
0.041666666666666664,1,1.756063003144827e-17,3.441211458840012e-15
0.0625,1,1.705949055746581e-17,3.343007300033799e-15
0.08333333333333333,1,1.718804396877604e-17,3.368198849043231e-15
0.10416666666666666,1,1.57224979242748e-17,3.081007909266945e-15
0.125,1,1.7673511873707783e-17,3.463331980050398e-15
0.14583333333333331,1,1.6447195352229202e-17,3.22302087171775e-15
0.16666666666666666,1,1.5096205154313168e-17,2.958278493937256e-15
0.1875,1,1.8751674021290538e-17,3.6746105008155984e-15
