time_instant,iteration,absolute_error_norm,relative_error_norm
0.020833333333333332,1,2.0678047775206922e-17,4.052106036232842e-15
0.041666666666666664,1,2.380719448888e-17,4.665299042873237e-15
0.0625,1,2.018361182717538e-17,3.955215511975939e-15
0.08333333333333333,1,2.0467033359938013e-17,4.0107552861456664e-15
0.10416666666666666,1,2.097513246320995e-17,4.110323265954733e-15
0.125,1,2.09055134905862e-17,4.096680611567247e-15
0.14583333333333331,1,2.805014565937314e-17,5.496755098894677e-15
0.16666666666666666,1,1.828091360325666e-17,3.582359474399955e-15
0.1875,1,1.8193498101697358e-17,3.565229381396035e-15
