time_instant,iteration,absolute_error_norm,relative_error_norm
1.0,1,0.02918381814183721,0.23792406533015723
1.0,2,0.01872543142089902,0.14210989855038003
1.0,3,0.009798700356266921,0.07633320142143792
1.0,4,0.002613458794543081,0.020851223470022974
1.0,5,0.0003240761452187635,0.00260059216818728
1.0,6,4.79950537857946e-06,3.848559788653506e-05
1.0,7,9.463397377361915e-10,7.588240532338633e-09
