time_instant,iteration,absolute_error_norm,relative_error_norm
1.0,1,0.009807229767846195,0.23986302679773078
1.0,2,0.006304268515541194,0.14355548187012365
1.0,3,0.0033171877826134945,0.07764588144535717
1.0,4,0.0008938912802862845,0.021440654766214134
1.0,5,0.00011583267135685089,0.0027944380430294296
1.0,6,1.7251688091660634e-06,4.158395579107991e-05
1.0,7,3.89610065777111e-10,9.39108851796272e-09
