time_instant,iteration,absolute_error_norm,relative_error_norm
0.01,1,0.02121899216353387,0.5772853807037984
0.01,2,0.06706635320577857,1.5968923000412016
0.01,3,0.06156990188142437,1.0373142700372555
0.01,4,1.544115988944148,39.02022066293479
0.01,5,3552388927207.278,2300239648691.129
