time_instant,iteration,absolute_error_norm,relative_error_norm
1.0,1,0.012031713188020716,0.1471342595471445
1.0,2,0.01027317675019781,0.12537823800740258
1.0,3,0.0062806647735485594,0.07642960565440061
1.0,4,0.00411576871206811,0.05007691905566682
1.0,5,0.0028264907392108727,0.03447123781579031
1.0,6,0.0019143911908194183,0.023386154648975272
1.0,7,0.0012939992652119337,0.015817585793042956
1.0,8,0.0008960181608152513,0.010950553827780369
1.0,9,0.0006476052685220561,0.00790896884149471
1.0,10,0.0004900273435699948,0.005978775025448716
1.0,11,0.00038538559828450963,0.00469709976593356
1.0,12,0.0003123039727215477,0.003802336755326491
1.0,13,0.00025881455744897506,0.0031478695521442316
1.0,14,0.00021819921776693716,0.0026513251647154157
1.0,15,0.00018640535474177068,0.0022629854210844736
1.0,16,0.00016087647271506223,0.001951474013022425
1.0,17,0.00013995263201965446,0.001696410577160044
1.0,18,0.00012251838210191097,0.0014840961164220392
1.0,19,0.00010779788336008148,0.0013050013273779933
1.0,20,9.523475432765355e-05,0.0011522927607108004
1.0,21,8.441905081359268e-05,0.0010209366135214455
1.0,22,7.504125565795095e-05,0.000907133742325083
1.0,23,6.686246172029386e-05,0.0008079533334616435
1.0,24,5.96945992805374e-05,0.0007210898440587641
1.0,25,5.338703906776848e-05,0.000644698222632218
1.0,26,4.781731783777972e-05,0.0005772797742588988
1.0,27,4.288457847599679e-05,0.0005176013951136648
1.0,28,3.850483190455746e-05,0.0004646372183794844
1.0,29,3.460746605098959e-05,0.00041752561227259956
1.0,30,3.113262552074658e-05,0.0003755369041414324
1.0,31,2.8029211017904717e-05,0.0003380487434812385
1.0,32,2.5253328053605724e-05,0.0003045270051837621
1.0,33,2.2767067026633427e-05,0.0002745107800983592
1.0,34,2.0537531659830337e-05,0.00024760042924961773
1.0,35,1.8536056358420636e-05,0.00022344796838146013
1.0,36,1.6737569260113924e-05,0.00020174924915994483
1.0,37,1.5120069060824805e-05,0.00018223754289383454
1.0,38,1.3664191721104975e-05,0.00016467823162857664
1.0,39,1.2352848928671024e-05,0.00014886438273294168
1.0,40,1.1170924400533733e-05,0.00013461303509746495
1.0,41,1.010501721797105e-05,0.00012176206350728986
