time_instant,iteration,absolute_error_norm,relative_error_norm
1.0,1,0.011780939097725285,0.24011282324648986
1.0,2,0.007567965213057486,0.14360393036733993
1.0,3,0.003983133226453325,0.07768678940007465
1.0,4,0.0010740624558567464,0.021466180038715626
1.0,5,0.00013909378945107417,0.002796105448139063
1.0,6,2.096413886913895e-06,4.2107116868520844e-05
1.0,7,4.783801483673299e-10,9.608223949430667e-09
