time_instant,iteration,absolute_error_norm,relative_error_norm
1.0,1,0.007815400018784717,0.15928931876690594
1.0,2,0.0064187530064694015,0.1297362256854652
1.0,3,0.003618539114977196,0.07268300741693386
1.0,4,0.0024445602379649183,0.04924971627251635
1.0,5,0.0016121557140271324,0.032582662335932
1.0,6,0.001031197126687942,0.02088811557533471
1.0,7,0.0006519756336803689,0.013217208329550622
1.0,8,0.0004241124843358477,0.008596095589955517
1.0,9,0.00029210264307205554,0.005916430220713442
1.0,10,0.00021376756517663907,0.004326172635846042
1.0,11,0.00016402045166110076,0.003316563898969656
1.0,12,0.00013001764353265827,0.002626859182377428
1.0,13,0.00010540486450760478,0.0021279804492035283
1.0,14,8.683771977239417e-05,0.0017519491901355772
1.0,15,7.239614042006493e-05,0.0014597175661253152
1.0,16,6.089795266388225e-05,0.0012272379974913514
1.0,17,5.157707487905455e-05,0.001038926871559976
1.0,18,4.391557599639419e-05,0.0008842505737136558
1.0,19,3.7549756006049656e-05,0.0007558151206484317
1.0,20,3.221550401150328e-05,0.0006482541934400975
1.0,21,2.7715433643434195e-05,0.0005575600169315787
1.0,22,2.3898418009562488e-05,0.0004806665025101705
1.0,23,2.064639457545997e-05,0.00041518038005274467
1.0,24,1.7865575009289433e-05,0.00035920205455771217
1.0,25,1.548041189667932e-05,0.00031120264911282155
1.0,26,1.3429343536729747e-05,0.00026993730259794273
1.0,27,1.1661718081934322e-05,0.00023438252160819288
1.0,28,1.013552069331758e-05,0.00020368991333930304
