time_instant,iteration,absolute_error_norm,relative_error_norm
1.0,1,0.004839028951653616,0.15780250246643185
1.0,2,0.0040230946191029725,0.1300995690299761
1.0,3,0.002269320683656633,0.07293624667085369
1.0,4,0.0015316682287616398,0.04937616666316144
1.0,5,0.0010098626216486074,0.03266016362432685
1.0,6,0.0006451445025099687,0.02091223991696682
1.0,7,0.00040709364156889016,0.013206700098026096
1.0,8,0.00026431448505852593,0.008573014332930482
1.0,9,0.00018184107152489622,0.005893988769246218
1.0,10,0.00013304626106292174,0.00430882164909392
1.0,11,0.00010210522878932887,0.003303945956923658
1.0,12,8.095924710944979e-05,0.0026175573755288623
1.0,13,6.564678503702924e-05,0.0021208810172674876
1.0,14,5.409053039080043e-05,0.0017463480251601047
1.0,15,4.5098806114890653e-05,0.0014551759369095135
1.0,16,3.793765164833161e-05,0.0012234722638039919
1.0,17,3.213123984646397e-05,0.0010357473809994133
1.0,18,2.735774668305391e-05,0.0008815270554945375
1.0,19,2.3391080203514586e-05,0.0007534556916056945
1.0,20,2.0066976557547786e-05,0.0006461922149993384
1.0,21,1.7262612041822573e-05,0.000555745792614348
1.0,22,1.4883906842237167e-05,0.00047906197141514594
1.0,23,1.2857336536733608e-05,0.0004137556631705309
1.0,24,1.1124474944547048e-05,0.00035793316250659976
1.0,25,9.638246819719e-06,0.0003100699322234281
