time_instant,iteration,absolute_error_norm,relative_error_norm
1.0,1,0.06039238295796894,0.24617434693663465
1.0,2,0.03643256243293427,0.13812010804807598
1.0,3,0.018915581278507548,0.07330040664412685
1.0,4,0.005002899532397507,0.019834135778276484
1.0,5,0.0005587946196888724,0.0022288886047993023
1.0,6,8.751885949491293e-06,3.489390953859711e-05
1.0,7,1.5043125809958957e-09,5.9976261727513076e-09
