time_instant,iteration,absolute_error_norm,relative_error_norm
1.0,1,0.060392382957968956,0.2461743469366347
1.0,2,0.03643256243293427,0.13812010804807598
1.0,3,0.018915581278507582,0.07330040664412696
1.0,4,0.005002899532397496,0.01983413577827644
1.0,5,0.0005587946196888722,0.0022288886047993014
1.0,6,8.751885949470399e-06,3.4893909538513786e-05
