time_instant,iteration,absolute_error_norm,relative_error_norm
1.0,1,0.019693712897917773,0.24083185990954092
1.0,2,0.012581568693518067,0.1432302534326732
1.0,3,0.00661093585587643,0.07732738416450852
1.0,4,0.0017785165288574524,0.02131368320782781
1.0,5,0.00022749115629127462,0.0027421482578252306
1.0,6,3.470164990401212e-06,4.179494968550284e-05
