time_instant,iteration,absolute_error_norm,relative_error_norm
1.0,1,0.011780939097725287,0.2401128232464899
1.0,2,0.007567965213057476,0.14360393036733973
1.0,3,0.0039831332264533195,0.07768678940007455
1.0,4,0.0010740624558567436,0.021466180038715574
1.0,5,0.00013909378945106799,0.0027961054481389393
1.0,6,2.0964138869303655e-06,4.2107116868851675e-05
