time_instant,iteration,absolute_error_norm,relative_error_norm
1.0,1,0.008406009982533793,0.23985759710492638
1.0,2,0.0054099248998304775,0.14371973523701131
1.0,3,0.002848961152577356,0.07780199861021404
1.0,4,0.0007688050128535555,0.021515179273924406
1.0,5,9.991865544826924e-05,0.0028125198046960093
1.0,6,1.5017430556609959e-06,4.2235060090508786e-05
