time_instant,iteration,absolute_error_norm,relative_error_norm
1.0,1,0.008406009982533795,0.23985759710492643
1.0,2,0.005409924899830488,0.14371973523701156
1.0,3,0.00284896115257736,0.07780199861021415
1.0,4,0.0007688050128535508,0.021515179273924274
1.0,5,9.991865544826633e-05,0.0028125198046959283
1.0,6,1.5017430556546717e-06,4.223506009033093e-05
1.0,7,3.4478826442377733e-10,9.696642928704568e-09
