time_instant,iteration,absolute_error_norm,relative_error_norm
1.0,1,0.007354419171267654,0.23983029674095055
1.0,2,0.004731813342444659,0.14366592576356838
1.0,3,0.0024910365328771867,0.07774978144808664
1.0,4,0.000671813049287111,0.02148765275093826
1.0,5,8.72930138388831e-05,0.0028082307314103313
1.0,6,1.3023328457741147e-06,4.1860389873599024e-05
