time_instant,iteration,absolute_error_norm,relative_error_norm
1.0,1,0.029183818141837188,0.23792406533015706
1.0,2,0.018725431420899025,0.14210989855038011
1.0,3,0.009798700356266933,0.07633320142143801
1.0,4,0.0026134587945430636,0.020851223470022835
1.0,5,0.00032407614521876254,0.002600592168187272
1.0,6,4.799505378554587e-06,3.848559788633562e-05
1.0,7,9.463397626916987e-10,7.588240732444772e-09
