time_instant,iteration,absolute_error_norm,relative_error_norm
1.0,1,0.019693712897917784,0.24083185990954104
1.0,2,0.01258156869351808,0.1432302534326733
1.0,3,0.006610935855876419,0.0773273841645084
1.0,4,0.0017785165288574313,0.021313683207827557
1.0,5,0.00022749115629127156,0.002742148257825193
1.0,6,3.470164990390149e-06,4.179494968536958e-05
1.0,7,7.762691016028425e-10,9.349267938593942e-09
