time_instant,iteration,absolute_error_norm,relative_error_norm
1.0,1,0.014703036677282408,0.23973576436446054
1.0,2,0.009438589298250484,0.14328208482610277
1.0,3,0.004960970147374483,0.07739684186952349
1.0,4,0.0013342743401317857,0.021328741359694887
1.0,5,0.0001716455880911469,0.0027596845850155964
1.0,6,2.550342098565981e-06,4.096978597593957e-05
1.0,7,5.637104930502432e-10,9.05551330781244e-09
