time_instant,iteration,absolute_error_norm,relative_error_norm
1.0,1,0.0073544191712676555,0.2398302967409506
1.0,2,0.004731813342444666,0.14366592576356857
1.0,3,0.002491036532877185,0.07774978144808659
1.0,4,0.0006718130492871313,0.0214876527509389
1.0,5,8.729301383889176e-05,0.00280823073141061
1.0,6,1.302332845789898e-06,4.186038987410635e-05
1.0,7,2.9667829034077746e-10,9.535830993699833e-09
