time_instant,iteration,absolute_error_norm,relative_error_norm
0.01,1,0.015157645686722301,0.5773318357176541
0.01,2,0.04791476439391047,1.597205868277915
0.01,3,0.05297741793942533,1.2493597680633375
0.01,4,6.227333604066641,189.0396690188061
0.01,5,2.5539631439826324e+22,4.101594828023637e+21
