time_instant,iteration,absolute_error_norm,relative_error_norm
0.01,1,0.015157645686722301,0.5773318357176541
0.01,2,0.04791476439391048,1.5972058682779153
0.01,3,0.05297741793942529,1.2493597680633364
0.01,4,6.227333604112186,189.03966902018885
0.01,5,2.3360571776964512e+22,3.751643816987804e+21
